{"metadata":{"generated":"2025-07-28T03:46:14.415754+00:00","total_locations":68,"states_covered":8,"coverage":"8 US states/territories","source":"HAARRRvest - Pantry Pirate Radio Database","database_path":"pantry_pirate_radio.sqlite","format_version":"1.0","filtered_by":"state = CO"},"locations":[{"id":"b159f64b-d5b2-40c0-92a3-84fc764c394e","lat":37.4643823,"lng":-105.865367,"name":"Food Assistance Location","org":"Food Bank Network of the San Luis Valley (Alamosa Pantry) TEFAP and CSFP","address":", , CO 81101","city":"","state":"CO","zip":"81101","phone":"","website":"https://careandshare.org/locations/alamosa-food-bank-tefap/","email":"","description":"Food pantry in Alamosa County"},{"id":"85fff4a6-4283-4ea1-9acd-76d207baedac","lat":37.620459016236,"lng":-104.77942702583,"name":"Food Assistance Location","org":"Dorcas Circle Food Pantry","address":", , CO 81089","city":"","state":"CO","zip":"81089","phone":"719-738-2291","website":"https://careandshare.org/locations/dorcas-circle-food-pantry/","email":"","description":"Food pantry in 81019  81020  81040  81055  81069  81089"},{"id":"5c7c274f-cb96-498c-9f35-8ed0c1fe69fb","lat":38.8242124,"lng":-104.782698,"name":"Food Assistance Location","org":"Voces Unidas for Justice","address":", , CO UNKNOWN","city":"","state":"CO","zip":"UNKNOWN","phone":"UNKNOWN","website":"https://careandshare.org/locations/voces-unidas-for-justice/","email":"","description":"Food pantry in El Paso County"},{"id":"5f745dc9-eb8f-4878-8843-fed5ebb0d3a8","lat":37.2489634,"lng":-107.0786787,"name":"Food Assistance Location","org":"Immaculate Heart of Mary","address":", , CO UNKNOWN","city":"","state":"CO","zip":"UNKNOWN","phone":"(518) 273-6020","website":"https://careandshare.org/locations/immaculate-heart-of-mary/","email":"","description":"Food pantry in Archuleta and La Plata"},{"id":"83fecd5b-9e21-4e6e-b35a-1c4b2a08b856","lat":37.2738998,"lng":-107.8919154,"name":"Food Assistance Location","org":"La Plata County Human Services","address":", , CO UNKNOWN","city":"","state":"CO","zip":"UNKNOWN","phone":"970-382-6150","website":"https://careandshare.org/locations/la-plata-county-department-of-human-services/","email":"","description":"Food pantry in La Plata County"},{"id":"f94557f5-992b-4f6d-a991-7f79c81fe377","lat":38.0498041,"lng":-103.7233238,"name":"Food Assistance Location","org":"West Side Bible Church","address":", , CO 81067","city":"","state":"CO","zip":"81067","phone":"","website":"https://careandshare.org/locations/westside-bible-church/","email":"","description":"Food pantry in Otero County"},{"id":"b7ae2247-9a31-4d1b-84b9-2735bdf84fd7","lat":38.2708095,"lng":-104.5977886,"name":"Food Assistance Location","org":"Minnequa VFW Post 3641","address":", , CO UNKNOWN","city":"","state":"CO","zip":"UNKNOWN","phone":"","website":"https://careandshare.org/locations/minnequa-vfw-post-3641/","email":"","description":"Food pantry in Pueblo County"},{"id":"7d066364-51fe-4a46-8f7c-f3db1f930a7b","lat":38.8525274,"lng":-104.8054725,"name":"Food Assistance Location","org":"Open Heart Ministries","address":", , CO 80903","city":"","state":"CO","zip":"80903","phone":"719-385-7900","website":"https://careandshare.org/locations/open-heart-ministries/","email":"","description":"Food pantry in El Paso County"},{"id":"5c492f53-d15a-4988-aee5-d9f6096d72b6","lat":38.0884983,"lng":-102.614138,"name":"Food Assistance Location","org":"Lamar Senior Citizen Center","address":", , CO UNKNOWN","city":"","state":"CO","zip":"UNKNOWN","phone":"719-336-4072","website":"https://careandshare.org/locations/lamar-senior-citizen-center/","email":"","description":"Food pantry in Prowers County"},{"id":"908ca9ea-2feb-4a05-99f1-b02c90c77802","lat":37.2743719,"lng":-107.8699291,"name":"Food Assistance Location","org":"Grub Hub","address":", , CO UNKNOWN","city":"","state":"CO","zip":"UNKNOWN","phone":"","website":"https://careandshare.org/locations/grub-hub/","email":"","description":"Food pantry in 81301"},{"id":"5079461e-3835-4770-aed7-2173f85c58bd","lat":37.767036046166,"lng":-108.916442143334,"name":"Food Assistance Location","org":"Dolores County Senior Services","address":", , CO 81324","city":"","state":"CO","zip":"81324","phone":"970-677-2787","website":"https://careandshare.org/locations/dolores-county-senior-services/","email":"","description":"Food pantry in Dolores County"},{"id":"3541da9c-7d92-4d4f-8d3e-fc65c996e012","lat":38.2604852,"lng":-104.6439786,"name":"Food Assistance Location","org":"Salvation Army of Pueblo","address":", , CO 81005","city":"","state":"CO","zip":"81005","phone":"719-543-3656","website":"https://careandshare.org/locations/salvation-army-of-pueblo/","email":"","description":"Food pantry in Pueblo County"},{"id":"0c51381a-2f10-4f22-9ec2-947d5caffdd5","lat":37.76395799488,"lng":-108.905901996841,"name":"Food Assistance Location","org":"Dove Creek Care and Share Food Pantry","address":", , CO 81324","city":"","state":"CO","zip":"81324","phone":"970-769-0006 or 970-677-2214","website":"https://careandshare.org/locations/dove-creek-food-pantry/","email":"","description":"Food pantry in 81324 81320 81332 81325 81335 81331"},{"id":"d266484a-028a-40cb-ac4c-8d85f9c05940","lat":38.8434808,"lng":-104.0921985,"name":"Food Assistance Location","org":"Tri County Food Pantry","address":", , CO UNKNOWN","city":"","state":"CO","zip":"UNKNOWN","phone":"719-892-0275 (text preferred)","website":"https://careandshare.org/locations/tricounty-food-pantry/","email":"","description":"Food pantry in 80833, 80864, 80808, 80832, 80835, 80830, 80830, 80825, 81025, 80929, 80831, 80828"},{"id":"75dbbcfa-1aed-48b8-afa2-1c33d396cd5a","lat":38.5408818,"lng":-106.9319919,"name":"Food Assistance Location","org":"Gunnison Country Food Pantry","address":", , CO UNKNOWN","city":"","state":"CO","zip":"UNKNOWN","phone":"970-641-4156","website":"https://careandshare.org/locations/gunnison-country-food-pantry/","email":"","description":"Food pantry in Gunnison County"},{"id":"dd034dc7-e7b3-4223-a272-24bf421de2a6","lat":38.2341195,"lng":-104.6207498,"name":"Food Assistance Location","org":"Mt Carmel Veteran Center of Pueblo – Veterans Only","address":", , CO 81004","city":"","state":"CO","zip":"81004","phone":"","website":"https://careandshare.org/locations/mt-carmel-veteran-center-of-pueblo-veterans-only-coming-soon/","email":"","description":"Food pantry in Pueblo"},{"id":"c7e1cb5e-5889-41be-8ee6-ac56f872565e","lat":38.8198853,"lng":-102.3519088,"name":"Food Assistance Location","org":"Cheyenne Wells United Methodist Church","address":", , CO UNKNOWN","city":"","state":"CO","zip":"UNKNOWN","phone":"719-767-5629","website":"https://careandshare.org/locations/cheyenne-wells-united-methodist-church/","email":"","description":"Food pantry in Cheyenne County"},{"id":"b8fcf5d9-9af8-4362-8dd8-569c2b893aba","lat":38.7854539,"lng":-104.755997,"name":"Food Assistance Location","org":"Solid Rock","address":", , CO UNKNOWN","city":"","state":"CO","zip":"UNKNOWN","phone":"","website":"https://careandshare.org/locations/solid-rock/","email":"","description":"Food pantry in El Paso County"},{"id":"8137839e-8ec7-4508-9475-9f132e4de773","lat":38.5347855,"lng":-105.9960964,"name":"Food Assistance Location","org":"Chaffee County Resource Center/Care & Share Sanctuary Food Pantry","address":", , CO UNKNOWN","city":"","state":"CO","zip":"UNKNOWN","phone":"","website":"https://careandshare.org/locations/chaffee-county-resource-center-care-share-sanctuary-food-pantry/","email":"","description":"Food pantry in Chaffee County"},{"id":"71a65c39-9b11-46da-839e-6d71ae8f6f74","lat":37.988091748638,"lng":-105.770744488921,"name":"Food Assistance Location","org":"Crestone Food Bank","address":", , CO 66611","city":"","state":"CO","zip":"66611","phone":"","website":"https://careandshare.org/locations/crestone-food-bank/","email":"","description":"Food pantry in Saguache County"},{"id":"fcb3783e-fa31-46b5-a057-2270f918b828","lat":38.738544005313,"lng":-103.534236971072,"name":"Food Assistance Location","org":"Karval Community Alliance","address":", , CO 16232","city":"","state":"CO","zip":"16232","phone":"719-439-3896","website":"https://careandshare.org/locations/karval-community-alliance/","email":"","description":"Food pantry in 80823  80833  80821  81045  81021  81063"},{"id":"4a92737c-5865-4265-ae50-57a9945d0233","lat":38.2584224,"lng":-104.6470546,"name":"Food Assistance Location","org":"The Avenue Church","address":", , CO UNKNOWN","city":"","state":"CO","zip":"UNKNOWN","phone":"UNKNOWN","website":"https://careandshare.org/locations/the-avenue-church/","email":"","description":"Food pantry in Pueblo County"},{"id":"0f697d6d-52ab-473a-b493-6cbaedf4f47b","lat":38.534898,"lng":-105.9949991,"name":"Food Assistance Location","org":"Chaffee County Resource Center/Caring & Sharing Sanctuary & Soup Kitchen","address":", , CO UNKNOWN","city":"","state":"CO","zip":"UNKNOWN","phone":"","website":"https://careandshare.org/locations/chaffee-county-resource-center-care-share-sanctuary-soup-kitchen/","email":"","description":"Food pantry in Chaffee County"},{"id":"6bc6b1af-f95a-4615-9684-72c8885d4360","lat":38.6888065,"lng":-104.7049621,"name":"Food Assistance Location","org":"By Grace Community Center","address":", , CO UNKNOWN","city":"","state":"CO","zip":"UNKNOWN","phone":"719-299-2049","website":"https://careandshare.org/locations/by-grace-community-center/","email":"","description":"Food pantry in All Neighbors Welcome"},{"id":"2249da73-8609-4634-8563-47d04915b8f7","lat":37.191652,"lng":-104.502744,"name":"Food Assistance Location","org":"South Central Council of Governments","address":", , CO UNKNOWN","city":"","state":"CO","zip":"UNKNOWN","phone":"719-845-1133 Ext. 225 or 208","website":"https://careandshare.org/locations/south-central-council-of-governments-csfp-and-tefap/","email":"","description":"Food pantry in Las Animas County"},{"id":"eca419ce-c33d-4c24-a322-846515b8db8a","lat":37.4018221,"lng":-104.6551873,"name":"Food Assistance Location","org":"In Faith dba Unspeakable Gift Fellowship","address":", , CO 81020","city":"","state":"CO","zip":"81020","phone":"719-738-2487","website":"https://careandshare.org/locations/in-faith-dba-unspeakable-gift-fellowship/","email":"","description":"Food pantry in 81020 and Ludlow"},{"id":"446d0e0e-2252-41ee-aecf-8a9abdd712ae","lat":38.0283021,"lng":-107.3150017,"name":"Food Assistance Location","org":"Hinsdale County Public Health","address":", , CO 81235","city":"","state":"CO","zip":"81235","phone":"970-944-0321","website":"https://careandshare.org/locations/hinsdale-county-public-health/","email":"","description":"Food pantry in Hinsdale County"},{"id":"48d2963a-13a6-43c5-b066-bb3d4fa753d3","lat":38.835852,"lng":-104.766684,"name":"Food Assistance Location","org":"Charity's Hope","address":", , CO UNKNOWN","city":"","state":"CO","zip":"UNKNOWN","phone":"","website":"https://careandshare.org/locations/charitys-hope/","email":"","description":"Food pantry in Colorado Springs"},{"id":"d2897150-44ff-4a7f-821e-9b6d30afbaa8","lat":38.274091,"lng":-104.6197,"name":"Food Assistance Location","org":"Center Toward Self-Reliance","address":", , CO UNKNOWN","city":"","state":"CO","zip":"UNKNOWN","phone":"","website":"https://careandshare.org/locations/center-toward-self-reliance/","email":"","description":"Food pantry in Pueblo and Huerfano County"},{"id":"dfaf1f35-cbad-44c9-bce3-60aefeb66f12","lat":37.990571003403,"lng":-105.772750026441,"name":"Food Assistance Location","org":"Community Care Collective – Crestone Community Food Programs","address":", , CO UNKNOWN","city":"","state":"CO","zip":"UNKNOWN","phone":"","website":"https://careandshare.org/locations/community-care-collective-crestone-community-food-programs/","email":"","description":"Food pantry in Crestone"},{"id":"56acb0b4-0c62-490a-97a8-670f19ef07e6","lat":38.2631861,"lng":-104.6371719,"name":"Food Assistance Location","org":"Pueblo Community College","address":", , CO UNKNOWN","city":"","state":"CO","zip":"UNKNOWN","phone":"","website":"https://careandshare.org/locations/pueblo-community-college/","email":"","description":"Food pantry in Pueblo"},{"id":"40447ad6-7a08-46e7-aa78-a0a0f79f315f","lat":39.2617039,"lng":-103.6880308,"name":"Food Assistance Location","org":"Colorado East Community Action Agency","address":", , CO UNKNOWN","city":"","state":"CO","zip":"UNKNOWN","phone":"719-775-8586","website":"https://careandshare.org/locations/colorado-east-community-action-agency/","email":"","description":"Food pantry in Lincoln County - 80828  80821  80818  80804  80823"},{"id":"c5bc5a41-d6eb-4260-a16e-70a6a86c96b5","lat":38.0577872,"lng":-103.7182435,"name":"Food Assistance Location","org":"First United Methodist Church – County Fairgrounds","address":", , CO UNKNOWN","city":"","state":"CO","zip":"UNKNOWN","phone":"UNKNOWN","website":"https://careandshare.org/locations/first-united-methodist-church-county-fairgrounds/","email":"","description":"Food pantry in 81067"},{"id":"1d25dc17-d81a-47c4-8d13-557fc547ecd5","lat":37.2717829,"lng":-105.9641171,"name":"Food Assistance Location","org":"Our Lady of the Valley Catholic Church","address":", , CO 19617","city":"","state":"CO","zip":"19617","phone":"","website":"https://careandshare.org/locations/our-lady-of-the-valley-catholic-church/","email":"","description":"Food pantry in All"},{"id":"d5022390-59e9-4939-9718-ed6b71bc9369","lat":37.999255,"lng":-105.9082469,"name":"Food Assistance Location","org":"Free Spirit Food Pantry – Moffat","address":", , CO 81143","city":"","state":"CO","zip":"81143","phone":"719-207-5250","website":"https://careandshare.org/locations/moffat-food-pantry/","email":"","description":"Food pantry in Saguache County"},{"id":"3ac28173-f404-496a-8446-caece0d953c3","lat":37.074056,"lng":-106.007309,"name":"Antonito","org":"Antonito Food Pantry","address":"301 Front St, Antonito, CO 81120","city":"Antonito","state":"CO","zip":"81120","phone":"970-480-2755","website":"https://careandshare.org/locations/antonito-food-pantry/","email":"","description":"Food pantry in Antonito"},{"id":"3d97c948-7b24-4ebf-8297-c0919d702858","lat":38.8404553,"lng":-106.1325347,"name":"Buena Vista","org":"Arkansas Valley Christian Mission","address":"122 Cottonwood Avenue, Buena Vista, CO 81211","city":"Buena Vista","state":"CO","zip":"81211","phone":"719-395-9321","website":"https://careandshare.org/locations/arkansas-valley-christian-mission-station/","email":"","description":"Food pantry in Chaffee County"},{"id":"d4ff309d-b890-45db-8b05-189111401483","lat":38.4466521,"lng":-105.1918726,"name":"Cañon City","org":"Canon City SDA Church","address":"3180 East Main Street, Cañon City, CO 81212","city":"Cañon City","state":"CO","zip":"81212","phone":"719-275-2808","website":"https://careandshare.org/locations/canon-city-sda-church/","email":"","description":"Food pantry in 81226  81212  81215  81221  81223  81232  81233  81240  81244  81001  81253  81252"},{"id":"cbe1c69e-f2af-4207-b937-e1199588a1f2","lat":38.442525,"lng":-105.236751,"name":"Cañon City","org":"Christ First Community Church of Canon City","address":"801 Main Street, Cañon City, CO 81212","city":"Cañon City","state":"CO","zip":"81212","phone":"719-275-0681","website":"https://careandshare.org/locations/first-united-methodist-church-canon-city/","email":"","description":"Food pantry in Fremont County"},{"id":"0078d35f-d499-4ac9-91c3-4be86aa10e8d","lat":37.9480313,"lng":-104.8308858,"name":"Colorado City","org":"Valley Community Church","address":"4253 Mercantile St, Colorado City, CO 81019","city":"Colorado City","state":"CO","zip":"81019","phone":"719-676-3830","website":"https://careandshare.org/locations/valley-community-church/","email":"","description":"Food pantry in Pueblo County"},{"id":"89921eb6-dbc3-4287-8ce3-013c12f80fb6","lat":38.7360794,"lng":-104.7271127,"name":"Colorado Springs","org":"God's Pantry Ministry","address":"30 Widefield Blvd, Colorado Springs, CO 80911","city":"Colorado Springs","state":"CO","zip":"80911","phone":"719-382-0643","website":"https://careandshare.org/locations/gods-pantry-ministry/","email":"","description":"Food pantry in El Paso, Teller, Pueblo, and Douglas counties"},{"id":"50831014-b3c5-4cd6-8550-cc3e05e5ce52","lat":38.8147865,"lng":-104.7511668,"name":"Colorado Springs","org":"Colorado Springs First Church of the Nazarene","address":"4120 East Fountain Boulevard, Colorado Springs, CO 80916","city":"Colorado Springs","state":"CO","zip":"80916","phone":"719-596-5119","website":"https://careandshare.org/locations/colorado-springs-first-church-of-the-nazarene/","email":"","description":"Food pantry in El Paso County"},{"id":"6a7647a6-faab-4129-a2cc-daedf0e7f88c","lat":40.4672796,"lng":-106.7908305,"name":"Colorado Springs","org":"Springs Tabernacle","address":"6160 Burgess Road, Colorado Springs, CO 80908","city":"Colorado Springs","state":"CO","zip":"80908","phone":"719-495-1827","website":"https://careandshare.org/locations/springs-tabernacle/","email":"","description":"Food pantry in 80908"},{"id":"1bba52d2-bf05-4fb0-8fe4-9385bc48b906","lat":37.3498233,"lng":-108.5873004,"name":"Cortez","org":"Grace's Kitchen Cortez","address":"110 West North Street, Cortez, CO 81321","city":"Cortez","state":"CO","zip":"81321","phone":"970-565-7865","website":"https://careandshare.org/locations/graces-kitchen/","email":"","description":"Food pantry in 81321  81323  81334  Dolores County"},{"id":"538b85c4-6220-4ddc-8a38-7c8621d0582f","lat":37.3432181,"lng":-108.5881688,"name":"Cortez","org":"Evangel Assembly of God","address":"209 West 5th Street, Cortez, CO 81321","city":"Cortez","state":"CO","zip":"81321","phone":"970-565-4198","website":"https://careandshare.org/locations/evangel-assembly-of-god-closed-for-covid-19/","email":"","description":"Food pantry in 81321"},{"id":"3781123b-d14a-4266-bb2d-5349d96ed0fd","lat":37.3547784,"lng":-108.575647,"name":"Cortez","org":"First United Methodist Church – dba Hope's Kitchen","address":"515 North Park Street, Cortez, CO 81321","city":"Cortez","state":"CO","zip":"81321","phone":"970-565-3002","website":"https://careandshare.org/locations/first-united-methodist-church-dba-hopes-kitchen/","email":"","description":"Food pantry in 81321 81323 81328"},{"id":"527ed801-1311-44c8-8974-bec5c9bd677c","lat":37.347708513967,"lng":-108.489757375364,"name":"Cortez","org":"Montezuma County Senior Services","address":"30100 U.S. 160, Cortez, CO 30100","city":"Cortez","state":"CO","zip":"30100","phone":"970-759-1795","website":"https://careandshare.org/locations/montezuma-county-senior-services-tefap/","email":"","description":"Food pantry in Montezuma County"},{"id":"3c509e06-cf6c-4f76-b22a-70fcb2e7f7a2","lat":37.8499565,"lng":-106.9273955,"name":"Creede","org":"Silver Thread Public Health","address":"802 Rio Grande Avenue, Creede, CO 81130","city":"Creede","state":"CO","zip":"81130","phone":"719-658-2416","website":"https://careandshare.org/locations/mineral-county-public-health/","email":"","description":"Food pantry in Mineral County"},{"id":"b7370580-c2f0-4b1c-ad66-ccf3413eed6e","lat":37.2452628,"lng":-107.8768774,"name":"Durango","org":"Durango Food Bank","address":"194 Bodo Dr, Durango, CO 81303","city":"Durango","state":"CO","zip":"81303","phone":"910-375-2672","website":"https://careandshare.org/locations/durango-food-bank-commodities/","email":"","description":"Food pantry in Food Pantry"},{"id":"37e1a636-ebf2-48c2-8dac-eae04fa9ebd1","lat":37.2775658,"lng":-107.8859654,"name":"Durango","org":"Manna Soup Kitchen","address":"1100 Avenida Del Sol, Durango, CO 81301","city":"Durango","state":"CO","zip":"81301","phone":"970-385-5095","website":"https://careandshare.org/locations/manna-soup-kitchen/","email":"","description":"Food pantry in 81301"},{"id":"34e92e86-043f-429d-b1e1-1cd966a2d295","lat":38.390055987234,"lng":-105.116735009997,"name":"Florence","org":"Manna House","address":"115 East Main Street #4, Florence, CO 81226","city":"Florence","state":"CO","zip":"81226","phone":"719-784-1955","website":"https://careandshare.org/locations/manna-house/","email":"","description":"Food pantry in Eastern Fremont County"},{"id":"0b4ac8ed-c3e9-4689-9bbe-863460431bac","lat":37.4297826,"lng":-105.4318159,"name":"Fort Garland","org":"Fort Garland Food Bank","address":"626 Beaubien Ave, Fort Garland, CO 81133","city":"Fort Garland","state":"CO","zip":"81133","phone":"UNKNOWN","website":"https://careandshare.org/locations/fort-garland-food-bank/","email":"","description":"Food pantry in Costilla County"},{"id":"49ba8684-3126-45d4-a95f-398a0147f119","lat":37.211037116894,"lng":-105.97804356245,"name":"La Jara","org":"Conejos County Nursing Services","address":"10921 U.S. 285, La Jara, CO 10921","city":"La Jara","state":"CO","zip":"10921","phone":"719-274-4307","website":"https://careandshare.org/locations/conejos-county-nursing-services/","email":"","description":"Food pantry in Conejos County"},{"id":"df701597-2fe2-4d30-bb64-dedb6030c918","lat":37.279349080302,"lng":-105.960395056956,"name":"La Jara","org":"La Jara Food Pantry","address":"19617 U.S. 285, La Jara, CO 19617","city":"La Jara","state":"CO","zip":"19617","phone":"719-274-5267","website":"https://careandshare.org/locations/la-jara-food-pantry/","email":"","description":"Food pantry in Costilla County and Conejos County"},{"id":"6ba3faab-8bbf-4449-b2f0-fcffad20e03c","lat":37.9787952,"lng":-103.5326075,"name":"La Junta","org":"The Hands of God Ministry – La Junta","address":"1004 Adams Ave, La Junta, CO 81050","city":"La Junta","state":"CO","zip":"81050","phone":"719-510-7421","website":"https://careandshare.org/locations/the-hands-of-god-ministry-la-junta/","email":"","description":"Food pantry in Everyone in need"},{"id":"b3ca62dd-9285-4918-9236-6c137e9f2463","lat":37.3450771,"lng":-108.2979999,"name":"Mancos","org":"Mancos Food Share","address":"680 Grand Ave, Mancos, CO 81328","city":"Mancos","state":"CO","zip":"81328","phone":"(509) 830-4380","website":"https://careandshare.org/locations/mancos-food-share/","email":"","description":"Food pantry in Mancos"},{"id":"2ede0fc6-1e39-4af9-8dea-0086086013eb","lat":37.587030016625,"lng":-106.150143959629,"name":"Monte Vista","org":"Templo Sion","address":"881 U.S. 285, Monte Vista, CO 81144","city":"Monte Vista","state":"CO","zip":"81144","phone":"719-849-0963","website":"https://careandshare.org/locations/templo-sion/","email":"","description":"Food pantry in Rio Grande County"},{"id":"031a3776-6c14-42ce-b154-0ea117e80891","lat":37.574507127914,"lng":-106.121584569933,"name":"Monte Vista","org":"Rio Grande County TEFAP/ CSFP (Senior Box) Direct Distribution","address":"2389-2499 Sherman Ave, Monte Vista, CO 81144","city":"Monte Vista","state":"CO","zip":"81144","phone":"719-434-4679","website":"https://careandshare.org/locations/rio-grande-county-tefap-csfp-senior-box-direct-distribution/","email":"","description":"Food pantry in Rio Grande County"},{"id":"ff7c5a06-71c6-4896-b506-faef7b800a31","lat":37.2348612,"lng":-107.0713144,"name":"Pagosa Springs","org":"St. Patricks Episcopal Church","address":"225 South Pagosa Boulevard, Pagosa Springs, CO 81147","city":"Pagosa Springs","state":"CO","zip":"81147","phone":"970-731-5801","website":"https://careandshare.org/locations/st-patricks-episcopal-church/","email":"","description":"Food pantry in Archuleta County"},{"id":"73542382-2f5b-4721-bd97-95321a4efe25","lat":37.221849983196,"lng":-107.182591002054,"name":"Pagosa Springs","org":"Amazing Grace Community Church","address":"77 Navajo Circle, Pagosa Springs, CO 81147","city":"Pagosa Springs","state":"CO","zip":"81147","phone":"970-444-2111","website":"https://careandshare.org/locations/amazing-grace-community-church/","email":"","description":"Food pantry in Archuleta County"},{"id":"2af6ff11-1be7-4907-896d-15760978728a","lat":38.3288253,"lng":-104.7750933,"name":"Pueblo","org":"Ecumenical Church of Pueblo West","address":"434 South Conquistador Avenue, Pueblo, CO 81007","city":"Pueblo","state":"CO","zip":"81007","phone":"719-547-3088","website":"https://careandshare.org/locations/ecumenical-church-of-pueblo-west/","email":"","description":"Food pantry in All"},{"id":"b9ad7033-178a-43dc-8a3a-8b8cc2d94b4c","lat":38.2720012,"lng":-104.5638069,"name":"Pueblo","org":"Pueblo County Department of Human Services","address":"2631 East 4th Street, Pueblo, CO 81001","city":"Pueblo","state":"CO","zip":"81001","phone":"719-583-6199","website":"https://careandshare.org/locations/pueblo-county-hhs/","email":"","description":"Food pantry in Pueblo County"},{"id":"7be93f6a-7f25-4af5-a1e6-59382e339364","lat":38.2239923,"lng":-104.6567669,"name":"Pueblo","org":"Lynn Gardens Baptist Church","address":"3804 West Pueblo Boulevard, Pueblo, CO 81005","city":"Pueblo","state":"CO","zip":"81005","phone":"719-564-4434","website":"https://careandshare.org/locations/lynn-gardens-baptist-church/","email":"","description":"Food pantry in Pueblo County"},{"id":"54f13ca7-ba54-4da5-8e4b-c6e138c4ea54","lat":38.5364245,"lng":-105.996476,"name":"Salida","org":"Salida First Presbyterian Church Food Pantry","address":"7 Poncha Boulevard, Salida, CO 81201","city":"Salida","state":"CO","zip":"81201","phone":"719-539-6422","website":"https://careandshare.org/locations/first-presbyterian-church-salida/","email":"","description":"Food pantry in Chaffee & West Fremont Counties"},{"id":"3470dbd6-816b-4638-a5f8-0fd55f4a34ee","lat":38.5252505,"lng":-106.001111,"name":"Salida","org":"The Grainery Ministries","address":"1348 E Street, Salida, CO 81201","city":"Salida","state":"CO","zip":"81201","phone":"719-530-9050","website":"https://careandshare.org/locations/grainery-ministries/","email":"","description":"Food pantry in Chaffee, Nathrop, Saguache, Moffat, Hooper, Coaldale, Westcliff, Howard, Hartsel, Cotopaxi"},{"id":"ba9f1937-b3a5-4aed-b661-0c0040dc25c3","lat":37.1683098,"lng":-104.5083422,"name":"Trinidad","org":"Fisher's Peak Soup Kitchen","address":"308 Church Street, Trinidad, CO 81082","city":"Trinidad","state":"CO","zip":"81082","phone":"719-680-0427","website":"https://careandshare.org/locations/fishers-peak-soup-kitchen/","email":"","description":"Food pantry in Las Animas County 81082"},{"id":"20c9b671-498b-49e0-838f-9769a393c497","lat":37.620143982405,"lng":-104.776650017489,"name":"Walsenburg","org":"Huerfano County TEFAP","address":"928 Russell Street, Walsenburg, CO 81089","city":"Walsenburg","state":"CO","zip":"81089","phone":"719-434-4683","website":"https://careandshare.org/locations/huerfano-county-tefap/","email":"","description":"Food pantry in Huerfano County"},{"id":"eecdcd68-80b8-4180-bfdc-eb3bf03e3eac","lat":38.1353154,"lng":-105.467498,"name":"Westcliffe","org":"Custer County Community Sharing Center","address":"120 3rd St, Westcliffe, CO 81252","city":"Westcliffe","state":"CO","zip":"81252","phone":"719-783-2994","website":"https://careandshare.org/locations/custer-county-community-sharing-center/","email":"","description":"Food pantry in 81252  81212  81223  81040  81089"}]}