{"metadata":{"generated":"2025-08-06T21:28:40.208793+00:00","total_locations":107,"states_covered":44,"coverage":"44 US states/territories","source":"HAARRRvest - Pantry Pirate Radio Database","database_path":"pantry_pirate_radio.sqlite","format_version":"1.0","filtered_by":"state = PA"},"locations":[{"id":"e23ee72b-05e8-4de9-aaf2-0a689347e3cd","lat":39.8041627,"lng":-76.3687238,"name":"Airville","org":"Mason-Dixon Community Services @ Pine Grove Presbyterian Church","address":"4263 Delta Road, Airville, PA 17302","city":"Airville","state":"PA","zip":"17302","phone":"(717) 456-5559","website":"https://www.mason-dixon.org/events/","email":"","description":"Food pantry service providing client choice pantry and diapers upon availability"},{"id":"482ed32b-8513-4301-bc9d-6c318a23b60b","lat":39.99833894854872,"lng":-75.70837915042507,"name":"Avondale","org":"Avondale","address":"9016 Gap Newport Pike, Avondale, PA UNKNOWN","city":"Avondale","state":"PA","zip":"UNKNOWN","phone":"(610) 268-3365","website":"","email":"","description":"Food assistance organization in Avondale, PA"},{"id":"7bd4781c-c120-4558-9515-819b64f1ccb6","lat":40.008124976389375,"lng":-75.69421167362512,"name":"Avondale","org":"St. Rocco Center","address":"9016 Gap Newport Pike, Avondale, PA UNKNOWN","city":"Avondale","state":"PA","zip":"UNKNOWN","phone":"(610) 268-3365","website":"","email":"","description":"Food assistance center located in Avondale, PA, affiliated with Chester County Food Bank"},{"id":"b165f64f-a146-45c6-84d3-e97e60d38dc4","lat":40.006029996209065,"lng":-75.70414658442256,"name":"Berwyn","org":"Berwyn United Methodist Church Food Pantry","address":"140 Waterloo Ave, Berwyn, PA UNKNOWN","city":"Berwyn","state":"PA","zip":"UNKNOWN","phone":"610-644-5555","website":"","email":"","description":"Food pantry operated by Berwyn United Methodist Church providing emergency food assistance to community members in need."},{"id":"18feabaa-57f5-4935-9cc1-673f4727567a","lat":40.0870241,"lng":-75.0361338,"name":"Bustleton","org":"Lifeway Baptist Church","address":"9554 Bustleton Avenue, Bustleton, PA 19115","city":"Bustleton","state":"PA","zip":"19115","phone":"(215) 941-9639","website":"https://www.lifewaybc.org/qa/contacts/","email":"","description":"Food pantry Monday and Saturday"},{"id":"667a9f8b-d8e2-4746-8189-45fcda2fc92f","lat":39.9741063,"lng":-75.2540887,"name":"Carroll Park","org":"First African Baptist Church, Pastor Terrance Griffin","address":"6700 Lansdowne Avenue, Carroll Park, PA 19151","city":"Carroll Park","state":"PA","zip":"19151","phone":"(215) 791-0645","website":"https://tcrccommunityhealingcenter.org/schedule","email":"","description":"Food service organization: First African Baptist Church, Pastor Terrance Griffin"},{"id":"4fc1fcf7-5e18-4400-b6cf-91b8cdb028b6","lat":39.9558222,"lng":-75.175247,"name":"Center City","org":"Mitzvah Food Program @ Mainline","address":"345 Montgomery Avenue, Center City, PA 19004","city":"Center City","state":"PA","zip":"19004","phone":"(215) 832-0815","website":"","email":"","description":"Thursday:\n 1:30 - 3:30 PM\n Please call (215) 832-0815 to schedule an \nappointment. Delivery available for \nhomebound clients."},{"id":"192ab6fb-caee-48b8-afaf-4dfed0d82269","lat":39.86879709999999,"lng":-75.3619918,"name":"Chester","org":"Agape Ministries Food Pantry","address":"2331 Providence Avenue, Chester, PA 19013","city":"Chester","state":"PA","zip":"19013","phone":"(484) 844-1755","website":"Northchesterbaptist.org","email":"","description":"everyone's welcome. No ID necessary. weekly shopping. Outside produce stand available, outside canned goods available. Indoor produce and food pantry also a Freestore available."},{"id":"7252368e-f7d6-4849-ae88-ae53976e71d4","lat":40.004178819955925,"lng":-75.7004066194894,"name":"Coatesville","org":"Coatesville Community Food Co-op","address":"800 S 1st Ave, Coatesville, PA UNKNOWN","city":"Coatesville","state":"PA","zip":"UNKNOWN","phone":"(610) 384-1344","website":"","email":"","description":"Community food cooperative providing food assistance services in Coatesville, Pennsylvania."},{"id":"6e265ce9-9114-45d2-ab2f-5246325f94c6","lat":40.001340980389955,"lng":-75.69889063033665,"name":"Coatesville","org":"Coatesville Community Food Co-op","address":"800 S 1st Ave, Coatesville, PA UNKNOWN","city":"Coatesville","state":"PA","zip":"UNKNOWN","phone":"(610) 384-1344","website":"","email":"","description":"Community food cooperative providing food assistance services in Coatesville, Pennsylvania."},{"id":"b1e3ac6e-72fd-4fa5-b697-5d44340364d4","lat":40.179975,"lng":-75.442075,"name":"Collegeville","org":"The Daily Bread Pantry","address":"3938 Ridge Pike, Collegeville, PA 19426","city":"Collegeville","state":"PA","zip":"19426","phone":"610-489-5540","website":"","email":"","description":"Food pantry providing food assistance to community members through weekly distribution services."},{"id":"873a8f79-39f8-4846-a87b-dd99d97727e8","lat":39.988591982482134,"lng":-75.69673383629457,"name":"Devon","org":"Devon","address":"60 Surrey Way, Devon, PA UNKNOWN","city":"Devon","state":"PA","zip":"UNKNOWN","phone":"(610) 647-6404","website":"","email":"","description":"Food assistance organization serving seniors in Devon, PA"},{"id":"55eef1bf-e535-495e-9738-00fd9f71a97b","lat":39.99843002962906,"lng":-75.71130110196164,"name":"Devon","org":"Surrey Service for Seniors","address":"60 Surrey Way, Devon, PA UNKNOWN","city":"Devon","state":"PA","zip":"UNKNOWN","phone":"(610) 647-6404","website":"","email":"","description":"Senior services organization providing food assistance to elderly residents in Devon, PA area"},{"id":"ab3cf4db-4b7a-4e56-9fa5-7acf90b918d3","lat":39.99067119850326,"lng":-75.7009332913119,"name":"Downingtown","org":"Brandywine Valley Active Aging - Downingtown","address":"40 W. Pennsylvania Ave, Downingtown, PA UNKNOWN","city":"Downingtown","state":"PA","zip":"UNKNOWN","phone":"(610) 269-3939","website":"","email":"","description":"Active aging services provider located in Downingtown, Pennsylvania, offering community support programs for older adults."},{"id":"012c7907-4f65-44ef-9351-e9513e6b524d","lat":40.0491758,"lng":-75.1622972,"name":"East Germantown","org":"Depaul USA","address":"5725 Sprague Street, East Germantown, PA 19138","city":"East Germantown","state":"PA","zip":"19138","phone":"(215) 620-6366","website":"","email":"","description":"Brendan Sculley, Distribution Hours: Sunday-Saturday (3 meals a day): Breakfast 7am-9am, Lunch 12pm-1pm, Dinner 5pm-7pm"},{"id":"0f0f26fb-7d51-4eea-a5b0-9ec207c8b480","lat":40.0383045,"lng":-75.1750201,"name":"East Germantown","org":"St Vincent de Paul Catholic Church","address":"100 East Rittenhouse Street, East Germantown, PA 19144","city":"East Germantown","state":"PA","zip":"19144","phone":"(215) 438-1514","website":"https://www.saint-vincent-church.org/ministries/","email":"","description":"Food distribution is at the back of the church"},{"id":"6b67c719-570f-439a-93cf-f319cdaf7c39","lat":40.01481589999999,"lng":-75.0776776,"name":"Frankford","org":"Northeast Baptist Church, Pastor Jonathan Mason","address":"4744 Tackawanna Street, Frankford, PA 19124","city":"Frankford","state":"PA","zip":"19124","phone":"(215) 791-0645","website":"https://tcrccommunityhealingcenter.org/schedule","email":"","description":"Northeast Baptist Church food pantry service"},{"id":"42bc3c10-c942-4c1f-b2f9-1c941a6db3be","lat":40.0162097,"lng":-75.083822,"name":"Frankford","org":"Helping Hands","address":"4667 Paul Street, Frankford, PA 19124","city":"Frankford","state":"PA","zip":"19124","phone":"(662)5454791","website":"","email":"","description":"Food pantry organization providing food assistance to the High Point, NC community"},{"id":"74213f2b-1ea0-4e29-bef5-c3ad8874b310","lat":39.99643174376026,"lng":-75.69982592167223,"name":"Frazer","org":"People's Pantry at Church Road","address":"384 Lancaster Ave, Frazer, PA UNKNOWN","city":"Frazer","state":"PA","zip":"UNKNOWN","phone":"(610) 648-0707","website":"","email":"","description":"Food pantry providing food assistance to community members in Frazer, PA"},{"id":"c4ea40f3-00f8-4aa0-b878-c4bd50dd1792","lat":39.99136500542229,"lng":-75.7089559569656,"name":"Frazer","org":"People's Pantry at Church Road","address":"384 Lancaster Ave, Frazer, PA UNKNOWN","city":"Frazer","state":"PA","zip":"UNKNOWN","phone":"(610) 648-0707","website":"","email":"","description":"Food pantry providing food assistance to community members in Frazer, PA"},{"id":"c3f699c1-a06a-442c-9c7c-d9dec4def532","lat":39.79405488,"lng":-76.73224323,"name":"GLEN ROCK","org":"York County Food Bank - Distributions","address":"59 WATER ST, GLEN ROCK, PA 17327","city":"GLEN ROCK","state":"PA","zip":"17327","phone":"","website":"","email":"","description":"Food bank providing prepack pantry services through mobile distributions and fixed location sites in York County, Pennsylvania."},{"id":"ddc306d6-5f87-4385-a8e6-65b28fb5c7bf","lat":40.002363801186014,"lng":-75.70532518714819,"name":"Glenmoore","org":"Glenmoore Salvation Army Food Pantry","address":"570 Fairview Rd, Glenmoore, PA UNKNOWN","city":"Glenmoore","state":"PA","zip":"UNKNOWN","phone":"(610) 383-0868","website":"","email":"","description":"Food pantry providing food assistance to community members in need"},{"id":"74f38e7e-42c5-4fcb-bd1a-d87536a04beb","lat":39.9954403972037,"lng":-75.6948904542023,"name":"Glenmoore","org":"Glenmoore Salvation Army Food Pantry","address":"570 Fairview Rd, Glenmoore, PA UNKNOWN","city":"Glenmoore","state":"PA","zip":"UNKNOWN","phone":"(610) 383-0868","website":"","email":"","description":"Food pantry providing food assistance to community members in need"},{"id":"03b9e5fe-7200-45b5-bbcd-e2c0e04cbdc3","lat":39.96391140000001,"lng":-75.23161189999999,"name":"Haddington","org":"Philadelphia Baptist Church Food Pantry","address":"5544 Race Street, Haddington, PA 19139","city":"Haddington","state":"PA","zip":"19139","phone":"","website":"","email":"","description":"Food pantry services"},{"id":"7fe55739-a61f-4465-9884-96e40a9fb99e","lat":39.9670294,"lng":-75.23152209999999,"name":"Haddington","org":"Mama-Tee.com Community fridge/ Opportunity Towers III","address":"5524 Haverford Avenue, Haddington, PA 19139","city":"Haddington","state":"PA","zip":"19139","phone":"(215) 585-2767","website":"https://www.mamateefridge.com/fridgelocations","email":"","description":"Open 24/7! Free, outdoor community fridge/pantry operated by local volunteers."},{"id":"05459a33-f999-49f2-82d8-a15eb7f260db","lat":40.252236,"lng":-75.351739,"name":"Harleysville","org":"Shepherd's Shelf","address":"2211 Mainland Road, Harleysville, PA 19438","city":"Harleysville","state":"PA","zip":"19438","phone":"215-256-8738","website":"","email":"","description":"Food cupboard providing food assistance to community members"},{"id":"2257858d-bb60-4abe-952f-ec3c2b052a35","lat":39.9624433,"lng":-75.2061334,"name":"Haverford North","org":"Mt. Zion Holy Church","address":"4110 Haverford Avenue, Haverford North, PA 19104","city":"Haverford North","state":"PA","zip":"19104","phone":"(215) 349-6734","website":"","email":"","description":"Community organization providing services"},{"id":"7a65684a-27c3-4c8a-b68d-ba339a924ac2","lat":39.99043379387323,"lng":-75.69522192487587,"name":"Honey Brook","org":"Hearts in Hand Community Center","address":"1 Lenape Way, Honey Brook, PA 19344","city":"Honey Brook","state":"PA","zip":"19344","phone":"(610) 942-4039","website":"","email":"","description":"Community center providing food assistance services in Honey Brook, Pennsylvania."},{"id":"46d1794b-c549-4065-b075-e4c0f3802d81","lat":40.00674103095051,"lng":-75.70342466501221,"name":"Honey Brook","org":"Hearts in Hand Community Center","address":"1 Lenape Way, Honey Brook, PA 19344","city":"Honey Brook","state":"PA","zip":"19344","phone":"(610) 942-4039","website":"","email":"","description":"Community center providing food assistance services in Honey Brook, Pennsylvania."},{"id":"0375f65e-2f3a-4777-a09f-37fc6d5e5fd1","lat":39.994190587100924,"lng":-75.71290793935441,"name":"Honeybrook","org":"Honeybrook","address":"197 Leary Rd, Honeybrook, PA UNKNOWN","city":"Honeybrook","state":"PA","zip":"UNKNOWN","phone":"(484) 841-3069","website":"","email":"","description":"Food assistance organization in Honeybrook, PA"},{"id":"6926a14e-3cf5-4d01-9e03-1091b6077411","lat":39.99643735615365,"lng":-75.70172783987596,"name":"Honeybrook","org":"Blessing House","address":"197 Leary Rd, Honeybrook, PA UNKNOWN","city":"Honeybrook","state":"PA","zip":"UNKNOWN","phone":"(484) 841-3069","website":"","email":"","description":"Food assistance organization serving the Honeybrook community"},{"id":"0f8e6236-4bdf-4b38-acac-3f43791ac273","lat":39.99600529709481,"lng":-75.70210433639637,"name":"Kennett Square","org":"Kennett Area Community Service","address":"136 W Cedar St, Kennett Square, PA UNKNOWN","city":"Kennett Square","state":"PA","zip":"UNKNOWN","phone":"(610) 925-3556","website":"","email":"","description":"Community service organization providing food assistance in the Kennett Square area"},{"id":"c8141f72-ed00-47d0-8806-b750435d34d2","lat":40.112197,"lng":-75.376054,"name":"King of Prussia","org":"Love Works Resource Center","address":"740 N Henderson Rd, King of Prussia, PA 19406","city":"King of Prussia","state":"PA","zip":"19406","phone":"610-265-4981","website":"","email":"","description":"Community resource center providing food assistance and support services"},{"id":"12eef2ac-cc6a-4f7d-a9cb-8de12f0e5231","lat":39.9333523,"lng":-75.2167575,"name":"Kingsessing","org":"African Family Health Organization  (AFAHO)","address":"5400 Grays Avenue, Kingsessing, PA 19143","city":"Kingsessing","state":"PA","zip":"19143","phone":"(215) 546-1232","website":"https://afaho.org/health-services/","email":"","description":"2nd floor"},{"id":"6eaabfa4-4f69-4a23-8bc3-3b9a7a59ab44","lat":39.9517651,"lng":-75.2810926,"name":"Lansdowne","org":"Community YMCA of Eastern Delaware County Association Office","address":"2104 Garrett Road, Lansdowne, PA 19050","city":"Lansdowne","state":"PA","zip":"19050","phone":"(610) 638-1270","website":"https://cyedc.org/delco-ymca/food-distribution/","email":"","description":"Community YMCA providing services in Eastern Delaware County"},{"id":"d8971629-42ce-41ed-8cfc-2c69150e7a13","lat":39.96411870000001,"lng":-75.1897773,"name":"Mantua","org":"James L. Wright Recreation Center","address":"3220 Haverford Avenue, Mantua, PA 19104","city":"Mantua","state":"PA","zip":"19104","phone":"(267) 529-7255","website":"https://www.phillypeaceinprogress.org/food-distribution.html","email":"","description":"Community recreation center providing services in the Mantua area"},{"id":"747f45b5-0165-4949-8989-33750b7d7c82","lat":39.9639311,"lng":-75.1942758,"name":"Mantua","org":"Grace Lutheran Church","address":"3529 Haverford Avenue, Mantua, PA 19104","city":"Mantua","state":"PA","zip":"19104","phone":"(215) 222-3570","website":"https://www.gracelutheranphila.com/","email":"","description":"Food service organization: Grace Lutheran Church"},{"id":"49fe1df3-90c8-4171-8a15-dbd82325373a","lat":39.916762,"lng":-75.382737,"name":"Media","org":"Second Baptist Church","address":"400 E State St, Media, PA 19063","city":"Media","state":"PA","zip":"19063","phone":"(662)5682465","website":"","email":"","description":"A faith-based organization operating a food cupboard to serve the local community in Media, Pennsylvania."},{"id":"e165cf35-be0f-465d-8f96-b4fa509aec3c","lat":40.2166285,"lng":-74.7861518,"name":"Morrisville","org":"Morrisville Presbyterian Church - The Food Center","address":"771 North Pennsylvania Avenue, Morrisville, PA 19067","city":"Morrisville","state":"PA","zip":"19067","phone":"","website":"","email":"","description":"Food assistance center providing food pick-up services for residents of Lower Bucks County and Greater Trenton, NJ. Operates weekly distribution with identification and proof of address requirements."},{"id":"da6e4b54-0d70-4439-b961-60fa341dcd2e","lat":39.9846772,"lng":-75.1565578,"name":"North Philadelphia","org":"Temple University Community Garden Field","address":"1399 Diamond Street, North Philadelphia, PA 19122","city":"North Philadelphia","state":"PA","zip":"19122","phone":"(215) 791-0645","website":"https://tcrccommunityhealingcenter.org/schedule","email":"","description":"Northeast Corner, Broad & Diamond Streets,\nPhiladelphia, PA 19122"},{"id":"2d00bee0-f569-4c87-b581-c8da6f1ef88a","lat":39.9829014,"lng":-75.16760289999999,"name":"North Philadelphia","org":"Bethlehem of Deliverance","address":"2016 West Berks Street, North Philadelphia, PA 19121","city":"North Philadelphia","state":"PA","zip":"19121","phone":"(302) 413-1867","website":"https://bodchurch.com/contact-us/","email":"","description":"Open: Monday, Tuesday, Wednesday, Thursday, Friday"},{"id":"b4742482-6b4f-44a9-b2c9-56dbe1965509","lat":39.9877847,"lng":-75.1826553,"name":"North Philadelphia","org":"Christ Evangelical Lutheran Church","address":"3006 West Diamond street, North Philadelphia, PA 19121","city":"North Philadelphia","state":"PA","zip":"19121","phone":"(215) 235-7542","website":"","email":"","description":"Open: Saturday"},{"id":"5bc06d33-9e0c-4c9e-8e25-4a761cd87faf","lat":39.9893243,"lng":-75.1865243,"name":"North Philadelphia","org":"Cornerstone Baptist Church","address":"2117 North 33rd Street, North Philadelphia, PA 19121","city":"North Philadelphia","state":"PA","zip":"19121","phone":"(267) 571-1295","website":"https://www.cstonetlc.org/page/home-page","email":"","description":"Open: Tuesday"},{"id":"917d9741-7633-47d8-a97d-2d9e355198b0","lat":40.0205435,"lng":-75.1148094,"name":"North Philadelphia","org":"Jerusalem French Church","address":"537 East Wyoming Avenue, North Philadelphia, PA 19120","city":"North Philadelphia","state":"PA","zip":"19120","phone":"(267) 825-3091","website":"","email":"","description":"Food service organization: Jerusalem French Church"},{"id":"456f2770-6d99-47f2-879b-7312d365b2d0","lat":39.9801788,"lng":-75.1711262,"name":"North Philadelphia","org":"Sanctuary Farm Phila","address":"1622 North 22nd Street, North Philadelphia, PA 19121","city":"North Philadelphia","state":"PA","zip":"19121","phone":"(267) 703-0194","website":"https://www.sanctuaryfarmphila.org/programs","email":"","description":"Thursday distributions are from March to December."},{"id":"64f47db9-2c7c-4033-91ff-c104d8f3b8c5","lat":40.0042261,"lng":-75.1826351,"name":"North Philadelphia","org":"The Welcome Table - St. James School","address":"3217 West Clearfield Street, North Philadelphia, PA 19132","city":"North Philadelphia","state":"PA","zip":"19132","phone":"(484) 224-7669","website":"https://stjamesphila.org/welcome-table/","email":"","description":"Food pantry service provided by St. James School"},{"id":"b2efb3bd-47d5-4e1c-b471-3ec3fbb39089","lat":40.01439869999999,"lng":-75.1518322,"name":"North Philadelphia","org":"Nazarene Baptist Church- Pastor Keith Williams","address":"3981 Nice Street, North Philadelphia, PA 19140","city":"North Philadelphia","state":"PA","zip":"19140","phone":"(215) 791-0645","website":"https://tcrccommunityhealingcenter.org/schedule","email":"","description":"Food distribution: weekly location\nof clothing distribution, diapers, toys & school supplies,\u0003with community partner: Cradles to Crayons"},{"id":"ec007b4c-4b22-4324-aecc-f7c27a02ee78","lat":39.98844460000001,"lng":-75.1869016,"name":"North Philadelphia","org":"Brothers of Strawberry Mansion - Clifford St","address":"3238 West Diamond street, North Philadelphia, PA 19121","city":"North Philadelphia","state":"PA","zip":"19121","phone":"(267) 568-1163","website":"https://www.brothersosm.com/","email":"","description":"Distribution is at corner of 33rd & Diamond Streets"},{"id":"10424141-1a5f-48d8-ae6b-0d6e19680532","lat":40.0034359,"lng":-75.1686134,"name":"North Philadelphia","org":"Allegheny West Foundation","address":"2330 West Allegheny Avenue, North Philadelphia, PA 19132","city":"North Philadelphia","state":"PA","zip":"19132","phone":"(215) 226-0130","website":"https://awestfoundation.com/food-drive","email":"","description":"Community organization providing food assistance services"},{"id":"ea4f7993-96c5-4a1c-a1fd-b3e7ba8ba012","lat":39.9824523,"lng":-75.1673625,"name":"North Philadelphia","org":"Better Tomorrows – Jackie's Garden","address":"1836 North 20th Street, North Philadelphia, PA 19121","city":"North Philadelphia","state":"PA","zip":"19121","phone":"(215) 236-0738","website":"https://bettertomorrows.org/jackies-garden/","email":"","description":"Food pantry is closed for the summer"},{"id":"60c2a98f-bb31-42b3-b055-20e91f8e5fce","lat":39.99485869999999,"lng":-75.1600488,"name":"North Philadelphia","org":"Ujima Friends Peace Center","address":"1701 West Lehigh Avenue, North Philadelphia, PA 19132","city":"North Philadelphia","state":"PA","zip":"19132","phone":"(215) 791-0645","website":"https://tcrccommunityhealingcenter.org/schedule","email":"","description":"Community organization providing services in North Philadelphia"},{"id":"6ccfc392-dd9f-475c-bf0e-0aa45ceca15e","lat":40.0033361,"lng":-75.126487,"name":"North Philadelphia","org":"Small Things Philly Inc.","address":"3510 A Street, North Philadelphia, PA 19134","city":"North Philadelphia","state":"PA","zip":"19134","phone":"(267) 702-0134","website":"https://www.smallthingsphilly.org/programs/#distribution","email":"","description":"Food service organization: Small Things Philly Inc."},{"id":"5c9f6991-41d0-46ae-a06b-8cde6a0294be","lat":40.0204999,"lng":-75.1492916,"name":"North Philadelphia","org":"First Redemption Evangelical Church","address":"4400 North Broad Street, North Philadelphia, PA 19140","city":"North Philadelphia","state":"PA","zip":"19140","phone":"(215) 324-3775","website":"","email":"","description":"215-324-3775"},{"id":"5f60cd12-a5ef-4986-8818-697491a97288","lat":39.9830969,"lng":-75.1610723,"name":"North Philadelphia","org":"George Washington Carver High School of Engineering and Science","address":"1600 West Norris Street, North Philadelphia, PA 19121","city":"North Philadelphia","state":"PA","zip":"19121","phone":"","website":"https://www.tyresemaxey.com/the-foundation","email":"","description":"Food service organization: George Washington Carver High School of Engineering and Science"},{"id":"3bedd8e7-bd1a-4246-8839-47eef94dac8a","lat":39.9754478,"lng":-75.1770042,"name":"North Philadelphia","org":"United Baptist Church","address":"2500 West Thompson Street, North Philadelphia, PA 19121","city":"North Philadelphia","state":"PA","zip":"19121","phone":"(215) 778-3696","website":"","email":"","description":"Food service organization: United Baptist Church"},{"id":"1e10c2c0-16d2-48d8-9612-79060a5daf22","lat":40.0003119,"lng":-75.1327816,"name":"North Philadelphia","org":"Mama-Tee.com Community fridge/ Caribe Towers","address":"3231 North 2nd Street, North Philadelphia, PA 19140","city":"North Philadelphia","state":"PA","zip":"19140","phone":"(215) 585-2767","website":"https://www.mamateefridge.com/fridgelocations","email":"","description":"Open 24/7! Free, outdoor community fridge/pantry operated by local volunteers."},{"id":"38b1df1d-c19c-4e99-ace3-72c7080b0411","lat":40.00680949999999,"lng":-75.1253382,"name":"North Philadelphia","org":"Mama-Tee.com Community fridge/ St. Chris Hospital For Children","address":"160 East Erie Avenue, North Philadelphia, PA 19134","city":"North Philadelphia","state":"PA","zip":"19134","phone":"(215) 585-2767","website":"https://www.mamateefridge.com/fridgelocations","email":"","description":"Open 24/7! Free, outdoor community fridge/pantry operated by local volunteers."},{"id":"e0a30a6b-f146-4043-a76b-83b2b19fe5ce","lat":39.9624856,"lng":-75.1431971,"name":"North Philadelphia","org":"Mama-Tee.com Community fridge/ NLNA","address":"700 North 3rd Street, North Philadelphia, PA 19123","city":"North Philadelphia","state":"PA","zip":"19123","phone":"(215) 585-2767","website":"https://www.mamateefridge.com/fridgelocations","email":"","description":"Open 24/7! Free, outdoor community fridge/pantry operated by local volunteers."},{"id":"c84cf636-fdb7-4f17-98c3-99383249c68b","lat":40.1224952,"lng":-75.0190812,"name":"Northeast Philadelphia","org":"Somerton Interfaith Food Bank","address":"510 Somerton Avenue, Northeast Philadelphia, PA 19116","city":"Northeast Philadelphia","state":"PA","zip":"19116","phone":"(215) 673-1117","website":"https://www.somertonfoodbank.org/","email":"","description":"We serve the following Zip Codes:  19116, 19115, 19114, 19154, 19152,  and 19136."},{"id":"cd051d9d-11a1-4f5b-8eee-8bbd4d6ff79e","lat":40.0323921,"lng":-75.172097,"name":"Northwest Philadelphia","org":"Germantown Friends Meeting","address":"47 West Coulter Street, Northwest Philadelphia, PA 19144","city":"Northwest Philadelphia","state":"PA","zip":"19144","phone":"(215) 791-0645","website":"https://tcrccommunityhealingcenter.org/schedule","email":"","description":"food, books, clothing"},{"id":"deee17a4-0d72-47dd-920c-15c837170bc4","lat":40.05048920000001,"lng":-75.1848514,"name":"Northwest Philadelphia","org":"Dare to Imagine Church","address":"25 West Hortter Street, Northwest Philadelphia, PA 19119","city":"Northwest Philadelphia","state":"PA","zip":"19119","phone":"(267) 702-0001","website":"https://www.d2ic.org/","email":"","description":"Food service organization: Dare to Imagine Church"},{"id":"bf75d881-711f-4ecb-9416-3054b995253e","lat":40.0309893,"lng":-75.1181338,"name":"Olney","org":"Triumphant Faith International Worship Center","address":"5316 Rising Sun Avenue, Olney, PA 19120","city":"Olney","state":"PA","zip":"19120","phone":"(215) 324-7376","website":"https://www.tfiwc.org/ministries","email":"","description":"Saturday"},{"id":"82688a41-e021-413d-9e71-a7a13a84b66f","lat":40.0453379,"lng":-75.1280295,"name":"Olney","org":"St. Paul's Evangelical Lutheran Church","address":"6161 North 5th Street, Olney, PA 19120","city":"Olney","state":"PA","zip":"19120","phone":"917-612-5582","website":"https://sainthelenaparish.net/","email":"","description":"Food pantry services provided by St. Paul's Evangelical Lutheran Church"},{"id":"689abddd-62fd-4de9-8b30-f1771ef33720","lat":40.03830910000001,"lng":-75.131327,"name":"Olney","org":"Shekina SDA Church","address":"531 West Chew Avenue, Olney, PA 19120","city":"Olney","state":"PA","zip":"19120","phone":"(267) 272-7383","website":"","email":"","description":"Jacques Remarque,"},{"id":"68a76b2e-3eb8-4aa5-b4cb-dcc391a30ff0","lat":40.00762895954993,"lng":-75.70398539087688,"name":"Oxford","org":"Divine Sent Food Cupboard","address":"198 Barnsley Rd, Oxford, PA UNKNOWN","city":"Oxford","state":"PA","zip":"UNKNOWN","phone":"610-932-3377","website":"","email":"","description":"Food cupboard providing food assistance to the Oxford, PA community"},{"id":"2a080761-1cc4-4477-946a-6ec5f809f602","lat":39.98861878118568,"lng":-75.7042895902591,"name":"Oxford","org":"Divine Sent Food Cupboard","address":"198 Barnsley Rd, Oxford, PA UNKNOWN","city":"Oxford","state":"PA","zip":"UNKNOWN","phone":"610-932-3377","website":"","email":"","description":"Food cupboard providing food assistance to the Oxford, PA community"},{"id":"0c83aee8-36da-4e0c-a3e5-69e275ce613e","lat":40.00132005103549,"lng":-75.70923365164101,"name":"Paoli","org":"Paoli Presbyterian Church","address":"225 S Valley Rd, Paoli, PA UNKNOWN","city":"Paoli","state":"PA","zip":"UNKNOWN","phone":"(610) 644-8250","website":"","email":"","description":"Presbyterian church providing community services including food assistance in Paoli, PA"},{"id":"5c2b388a-a0f0-4b4b-bc69-22604e459b62","lat":40.00518049548784,"lng":-75.70259070176537,"name":"Paoli","org":"Paoli Presbyterian Church","address":"225 S Valley Rd, Paoli, PA UNKNOWN","city":"Paoli","state":"PA","zip":"UNKNOWN","phone":"(610) 644-8250","website":"","email":"","description":"Presbyterian church providing community services including food assistance in Paoli, PA"},{"id":"0553cf5e-34f3-434a-ae49-02852944bb00","lat":40.0039111472373,"lng":-75.70823170973767,"name":"Parkesburg","org":"Octorara Area Food Cupboard","address":"714 Main St, Parkesburg, PA UNKNOWN","city":"Parkesburg","state":"PA","zip":"UNKNOWN","phone":"(610) 857-4000","website":"","email":"","description":"Food cupboard providing food assistance to the Parkesburg community"},{"id":"9ade25f4-b3cf-4bf9-a927-a6b1fbfa064e","lat":39.99926711779845,"lng":-75.70111806640206,"name":"Parkesburg","org":"Octorara Area Food Cupboard","address":"714 Main St, Parkesburg, PA UNKNOWN","city":"Parkesburg","state":"PA","zip":"UNKNOWN","phone":"(610) 857-4000","website":"","email":"","description":"Food cupboard providing food assistance to the Parkesburg community"},{"id":"c1677391-85ad-4001-b2f4-1c5cbaf6848f","lat":40.398832,"lng":-75.495282,"name":"Pennsburg","org":"Open Link Inc.","address":"452 Penn Street, Pennsburg, PA 18073","city":"Pennsburg","state":"PA","zip":"18073","phone":"215-679-4112","website":"","email":"","description":"Food pantry providing food assistance to the community through their food cupboard program"},{"id":"15add217-49c6-4322-8268-15166b8c9932","lat":40.374335,"lng":-75.298499,"name":"Perkasie","org":"Pennridge Fish Organization","address":"800 West Chestnut Street, Perkasie, PA 18944","city":"Perkasie","state":"PA","zip":"18944","phone":"215-257-7616","website":"","email":"","description":"Food cupboard providing emergency food assistance to individuals and families in need."},{"id":"1e9480f6-60c0-4e17-9ce9-f94964ea090d","lat":40.0982133,"lng":-75.17823539999999,"name":"Philadelphia","org":"mRelief SNAP Screener - Philadelphia","address":", Philadelphia, PA UNKNOWN","city":"Philadelphia","state":"PA","zip":"UNKNOWN","phone":"74544","website":"https://apply.mrelief.com/screener","email":"","description":"Families need to complete the 2024-25 school meal & summer EBT application to receive summer benefits ($120 per eligible child)- name spelling, address, etc. all need to be up to date and accurate! Summer EBT Outreach Toolkit\" https://www.pa.gov/content/dam/copapwp-pagov/en/dhs/documents/services/assistance/documents/snap/PA-1990-SunBucks-Application.pdf\nGo to https://apply.mrelief.com/screener or text \"Food\" to 74544 to check eligibility."},{"id":"e3b5659d-3aaf-41bb-9528-c2e28756f87a","lat":39.99674243303735,"lng":-75.71216790455402,"name":"Phoenixville","org":"Phoenixville Area Community Services","address":"101 Buchanan St, Phoenixville, PA UNKNOWN","city":"Phoenixville","state":"PA","zip":"UNKNOWN","phone":"(610) 933-1105","website":"","email":"","description":"Community services organization providing assistance to residents in the Phoenixville area"},{"id":"f463288d-ab09-4d58-aab4-1f96aa945a93","lat":40.00701516284177,"lng":-75.71010537541733,"name":"Phoenixville","org":"Phoenixville Area Community Services","address":"101 Buchanan St, Phoenixville, PA UNKNOWN","city":"Phoenixville","state":"PA","zip":"UNKNOWN","phone":"(610) 933-1105","website":"","email":"","description":"Community services organization providing assistance to residents in the Phoenixville area"},{"id":"f86d524e-11f7-412a-b194-7e1b29190f6a","lat":39.9390959,"lng":-75.17974950000001,"name":"Point Breeze","org":"South Philadelphia Community Fridge @ Porcos","address":"1101 South 22nd Street, Point Breeze, PA 19146","city":"Point Breeze","state":"PA","zip":"19146","phone":"(267) 319-1027","website":"https://southphillyfridge.com/","email":"","description":"Open 24/7! Free, outdoor community fridge/pantry operated by local volunteers."},{"id":"eae53609-e243-4448-9d42-c13094725cb1","lat":39.99052830795163,"lng":-75.69882381564545,"name":"Pottstown","org":"Coventry Food Pantry","address":"692 W. Schuylkill Rd. (Unit 1), Pottstown, PA UNKNOWN","city":"Pottstown","state":"PA","zip":"UNKNOWN","phone":"(610) 326-5659","website":"","email":"","description":"A food pantry providing food assistance to individuals and families in need in the Pottstown area"},{"id":"eb51d762-b2e4-4def-a0bd-7a38f828dde8","lat":39.98920943157182,"lng":-75.71297583802527,"name":"Pottstown","org":"Coventry Food Pantry","address":"692 W. Schuylkill Rd. (Unit 1), Pottstown, PA UNKNOWN","city":"Pottstown","state":"PA","zip":"UNKNOWN","phone":"(610) 326-5659","website":"","email":"","description":"A food pantry providing food assistance to individuals and families in need in the Pottstown area"},{"id":"9e12b7bc-48f1-4455-a3fa-5db17713361d","lat":40.24618,"lng":-75.644461,"name":"Pottstown","org":"Pottstown Cluster of Religious Communities","address":"57 N Franklin St, Pottstown, PA 19464","city":"Pottstown","state":"PA","zip":"19464","phone":"","website":"","email":"","description":"Religious community organization providing food assistance through a food cupboard program in Pottstown, Pennsylvania."},{"id":"e7d6b337-7112-4f6d-8e3a-ae66dc9d8063","lat":40.246499,"lng":-75.646666,"name":"Pottstown","org":"YWCA Tri-County Area","address":"315 King Street, Pottstown, PA 19464","city":"Pottstown","state":"PA","zip":"19464","phone":"","website":"","email":"","description":"Community organization providing food assistance and support services through their food cupboard program."},{"id":"43cbe036-aba7-4891-b8e5-2253b73ffd51","lat":40.247056,"lng":-75.651167,"name":"Pottstown","org":"Salvation Army Pottstown","address":"137 King Street, Pottstown, PA 19464","city":"Pottstown","state":"PA","zip":"19464","phone":"610-326-1621","website":"","email":"","description":"Salvation Army location in Pottstown providing food assistance through their food cupboard program."},{"id":"2e2d7c9f-bac9-47ad-9277-7571e181fc8f","lat":40.250029,"lng":-75.622596,"name":"Pottstown","org":"Bethel Community Church of Pottstown","address":"575 N Keim St, Pottstown, PA 19464","city":"Pottstown","state":"PA","zip":"19464","phone":"","website":"","email":"","description":"Community church offering food assistance services to local residents"},{"id":"66518acf-fe75-4499-97aa-47630fffd2af","lat":40.443017,"lng":-75.336891,"name":"Quakertown","org":"Quakertown Food Pantry","address":"101B North 3rd Street, Quakertown, PA 18951","city":"Quakertown","state":"PA","zip":"18951","phone":"215-536-0240","website":"","email":"","description":"Food cupboard providing food assistance to community members in need"},{"id":"51117a63-9e34-4193-9de3-eb9028b860f8","lat":39.86583,"lng":-76.61968,"name":"RED LION","org":"Hearts for Hunger","address":"10384 WINTERSTOWN RD, RED LION, PA 17356","city":"RED LION","state":"PA","zip":"17356","phone":"717-244-6323","website":"","email":"","description":"Food assistance organization providing choice pantry services to the community"},{"id":"660e1fa2-eccc-4818-af6e-f5d15880c59d","lat":40.184511,"lng":-75.539609,"name":"Royersford","org":"Open Door Ministry","address":"350 Main Street, Royersford, PA 19468","city":"Royersford","state":"PA","zip":"19468","phone":"610-948-4818","website":"","email":"","description":"Community food cupboard providing food assistance services to families in need"},{"id":"966e507a-2383-4b38-b59b-98674ab8e08d","lat":39.9430397,"lng":-75.14952339999999,"name":"Society Hill","org":"Old Pine Presbyterian Church","address":"401 Lombard Street, Society Hill, PA 19147","city":"Society Hill","state":"PA","zip":"19147","phone":"(215) 627-2493","website":"https://oldpinecommunitycenter.org/","email":"","description":"Food service organization: Old Pine Presbyterian Church"},{"id":"b064a6a8-25a6-472a-9f42-a8397a4eea4b","lat":40.310311,"lng":-75.322861,"name":"Souderton","org":"Keystone Opportunity Center","address":"104 North Main Street, Souderton, PA 18964","city":"Souderton","state":"PA","zip":"18964","phone":"215-723-5430","website":"","email":"","description":"Community organization providing food assistance through a food cupboard program serving the Souderton area."},{"id":"eaea62d5-1840-4ba1-9dee-92dfc38289af","lat":39.943173,"lng":-75.237642,"name":"Southwest Philadelphia","org":"Hickman Temple AME Church","address":"1220 South 58th Street, Southwest Philadelphia, PA 19143","city":"Southwest Philadelphia","state":"PA","zip":"19143","phone":"(215) 476-5340","website":"https://www.facebook.com/HickmanTempleAMEC/","email":"","description":"Food assistance services provided by Hickman Temple AME Church"},{"id":"11185af7-6f40-404a-a32d-f18e0642349f","lat":40.00763653179683,"lng":-75.70755038612354,"name":"Spring City","org":"Spring City Food Pantry","address":"145 Chestnut St, Spring City, PA 19475","city":"Spring City","state":"PA","zip":"19475","phone":"(484) 431-3493","website":"","email":"","description":"Food pantry providing food assistance to the Spring City community"},{"id":"a90de60d-8eef-4cb1-9117-d3127739f308","lat":40.00673244520416,"lng":-75.70405311718662,"name":"Spring City","org":"Spring City Food Pantry","address":"145 Chestnut St, Spring City, PA 19475","city":"Spring City","state":"PA","zip":"19475","phone":"(484) 431-3493","website":"","email":"","description":"Food pantry providing food assistance to the Spring City community"},{"id":"3065332f-ea33-4df6-8f06-e4e8af3aab94","lat":40.00319782814119,"lng":-75.71182928460559,"name":"Toughkenamon","org":"Toughkenamon","address":"121 Willow Street, Toughkenamon, PA 19374","city":"Toughkenamon","state":"PA","zip":"19374","phone":"(484) 720-8644","website":"","email":"","description":"Food assistance organization in Toughkenamon, PA"},{"id":"b3cd36dd-0ef5-44c9-a09f-ed684215e545","lat":40.00236749887278,"lng":-75.70568954282484,"name":"Toughkenamon","org":"Mighty Writers - Toughkenamon","address":"121 Willow Street, Toughkenamon, PA 19374","city":"Toughkenamon","state":"PA","zip":"19374","phone":"(484) 720-8644","website":"","email":"","description":"Community writing center providing literacy and educational services in Toughkenamon, PA."},{"id":"e068c595-f62e-4a77-aa81-985a9cfaf7b7","lat":39.9603593,"lng":-75.1997366,"name":"University City","org":"People's Emergency Center Food Cupboard","address":"325 North 39th Street, University City, PA 19104","city":"University City","state":"PA","zip":"19104","phone":"(267) 777-5477","website":"https://www.hopephl.org/food-relief.html","email":"","description":"Food assistance services provided by People's Emergency Center"},{"id":"518952f3-7a88-41a0-84ed-9676034a4934","lat":39.9610778,"lng":-75.1928135,"name":"University City","org":"Metropolitan Baptist Church","address":"3500 Baring Street, University City, PA 19104","city":"University City","state":"PA","zip":"19104","phone":"5184659375","website":"https://www.mbcphila.org/","email":"porterp8@gmail.com","description":"A church-based food pantry serving the Albany community, providing food assistance twice monthly with walk-in services available."},{"id":"e84f36b5-f879-4dd6-a0e4-21b7d60eb820","lat":39.853226,"lng":-75.382235,"name":"Upland","org":"Upland Baptist Church","address":"325 Main St, Upland, PA 19015","city":"Upland","state":"PA","zip":"19015","phone":"610-874-7474","website":"","email":"","description":"Baptist church in Upland, PA providing food assistance through a weekly food cupboard program."},{"id":"44da6e8f-0978-4d48-ab5f-9d81d80b93cd","lat":40.041314,"lng":-75.388094,"name":"Wayne","org":"Wayne Food Pantry","address":"210 S Wayne Ave, Wayne, PA 19087","city":"Wayne","state":"PA","zip":"19087","phone":"610-688-5650","website":"","email":"","description":"Food pantry providing food assistance to community members in Wayne, Pennsylvania"},{"id":"10b89cb4-9dc9-46a0-bc3a-2a5ae89aa6f5","lat":39.99505900380223,"lng":-75.70428773051195,"name":"West Chester","org":"West Chester","address":"404 Willowbrook Ln, West Chester, PA UNKNOWN","city":"West Chester","state":"PA","zip":"UNKNOWN","phone":"(610) 430-8500","website":"","email":"","description":"Meals on Wheels Agency providing meal services"},{"id":"332d7c0e-2a06-4a8a-8af5-1e25ab23858e","lat":40.00638530317354,"lng":-75.70000003980329,"name":"West Chester","org":"West Chester Meals on Wheels Agency","address":"404 Willowbrook Ln, West Chester, PA UNKNOWN","city":"West Chester","state":"PA","zip":"UNKNOWN","phone":"(610) 430-8500","website":"","email":"","description":"A meals on wheels service providing meal delivery to community members in West Chester, Pennsylvania."},{"id":"232161e4-3b9e-4fd1-9032-3da7364d1bd0","lat":39.995187061353356,"lng":-75.7098539366071,"name":"West Grove","org":"West Grove","address":"240 State Rd, West Grove, PA UNKNOWN","city":"West Grove","state":"PA","zip":"UNKNOWN","phone":"(610) 869-9500","website":"","email":"","description":"Food pantry organization providing pantry services"},{"id":"6e5508cd-cd10-4a54-b0e8-d7faa0786936","lat":39.99373945056878,"lng":-75.70569337426645,"name":"West Grove","org":"Bridge Food Pantry at Avon Grove Church of the Nazarene","address":"240 State Rd, West Grove, PA UNKNOWN","city":"West Grove","state":"PA","zip":"UNKNOWN","phone":"(610) 869-9500","website":"","email":"","description":"Food pantry operated by Avon Grove Church of the Nazarene providing emergency food assistance to the community."},{"id":"92b0e0da-0449-4222-b904-be466f8697bd","lat":39.9647149,"lng":-75.21590640000001,"name":"West Philadelphia","org":"MYA SCHOOL & REP. AMEN BROWN'S","address":"4725 Fairmount Avenue, West Philadelphia, PA 19139","city":"West Philadelphia","state":"PA","zip":"19139","phone":"(215) 400-4000","website":"https://www.philasd.org/contactus/","email":"","description":"Food pantry services"},{"id":"5af4f325-8f91-4430-b14d-11cd6bfd6e2d","lat":39.9686406,"lng":-75.2050216,"name":"West Philadelphia","org":"Sarah Allen Senior Home","address":"4035 Parrish Street, West Philadelphia, PA 19104","city":"West Philadelphia","state":"PA","zip":"19104","phone":"(215) 222-2700","website":"","email":"","description":"Friday"},{"id":"a953d997-97b0-4ede-9d3d-d7b09eb18d4d","lat":39.9507773,"lng":-75.24031409999999,"name":"West Philadelphia","org":"Denise's Pantry @ The Print Foundation","address":"5843-55 Catharine Street, West Philadelphia, PA 19143","city":"West Philadelphia","state":"PA","zip":"19143","phone":"(215) 828-7091","website":"https://www.facebook.com/theprintfoundation215/","email":"","description":"When the weather is bad we don't close we just start as soon as set up is complete which is usually around 1pm."},{"id":"e70f5277-bed4-49fa-9019-0e760f4bf43c","lat":39.9582397,"lng":-75.2268029,"name":"West Philadelphia","org":"White Rock Baptist Church","address":"5240 Chestnut Street, West Philadelphia, PA 19139","city":"West Philadelphia","state":"PA","zip":"19139","phone":"(215) 474-1738","website":"https://www.whiterockbaptist.com/community-ministries#ProvidingFoodForThoseInNeed","email":"","description":"White Rock Baptist Church providing food assistance services"},{"id":"8539a37e-e87e-4490-89c2-02c4d97178ba","lat":40.002622,"lng":-75.2134466,"name":"Wynnefield Heights","org":"Country Cookin","address":"4160 Monument Road, Wynnefield Heights, PA 19131","city":"Wynnefield Heights","state":"PA","zip":"19131","phone":"","website":"https://www.instagram.com/countrycookin1/","email":"","description":"Food service organization: Country Cookin"},{"id":"ee624393-2c55-4c9b-81be-962e61e4dc1c","lat":39.95736,"lng":-76.73289,"name":"Harvest of Blessing Main Location","org":"Harvest of Blessing","address":"254 W PRINCESS ST, YORK, PA 17401","city":"YORK","state":"PA","zip":"17401","phone":"717-808-4209","website":"","email":"","description":"Food pantry organization providing choice pantry services to the York, PA community"},{"id":"439c6fb6-15ed-4d9c-ad06-bd0f0db5bddd","lat":39.96012945,"lng":-76.68321235,"name":"YORK","org":"York County Food Bank - Distributions","address":"1094 HAINES RD, YORK, PA 17402","city":"YORK","state":"PA","zip":"17402","phone":"","website":"","email":"","description":"Food bank providing prepack pantry services through mobile distributions and fixed location sites in York County, Pennsylvania."}]}